variable_name,limesurvey_export_name,codebook_name_if_applicable,classification,keep_drop_decision,reason,manual_review_needed,question_type,codebook_label,codebook_type,codebook_scale,crosswalk_match_type,question_text,subquestion_text
interviewtime,interviewtime,,technical_metadata,drop,LimeSurvey/date/timing metadata can be an indirect identifier; drop by default.,true,metadata,,,,metadata,,
mpid,mpid,,contact_or_operational,drop,Operational/contact-side variable; not part of default analysis output.,true,metadata,,,,metadata,,
validuntil,validuntil,,contact_or_operational,drop,Operational/contact-side variable; not part of default analysis output.,true,metadata,,,,metadata,,
validfrom,validfrom,,contact_or_operational,drop,Operational/contact-side variable; not part of default analysis output.,true,metadata,,,,metadata,,
completed,completed,,contact_or_operational,drop,Operational/contact-side variable; not part of default analysis output.,true,metadata,,,,metadata,,
remindercount,remindercount,,contact_or_operational,drop,Operational/contact-side variable; not part of default analysis output.,true,metadata,,,,metadata,,
remindersent,remindersent,,contact_or_operational,drop,Operational/contact-side variable; not part of default analysis output.,true,metadata,,,,metadata,,
sent,sent,,contact_or_operational,drop,Operational/contact-side variable; not part of default analysis output.,true,metadata,,,,metadata,,
usesleft,usesleft,,contact_or_operational,drop,Operational/contact-side variable; not part of default analysis output.,true,metadata,,,,metadata,,
emailstatus,emailstatus,,contact_or_operational,drop,Operational/contact-side variable; not part of default analysis output.,true,metadata,,,,metadata,,
email,email,,direct_identifier,drop,Direct identifier or contact/linkage field; never include in default analysis output.,true,metadata,,,,metadata,,
lastname,lastname,,direct_identifier,drop,Direct identifier or contact/linkage field; never include in default analysis output.,true,metadata,,,,metadata,,
firstname,firstname,,direct_identifier,drop,Direct identifier or contact/linkage field; never include in default analysis output.,true,metadata,,,,metadata,,
token,token,,direct_identifier,drop,Direct identifier or contact/linkage field; never include in default analysis output.,true,metadata,,,,metadata,,
refurl,refurl,,direct_identifier,drop,Direct identifier or contact/linkage field; never include in default analysis output.,true,metadata,,,,metadata,,
datestamp,datestamp,,technical_metadata,drop,LimeSurvey/date/timing metadata can be an indirect identifier; drop by default.,true,metadata,,,,metadata,,
startdate,startdate,,technical_metadata,drop,LimeSurvey/date/timing metadata can be an indirect identifier; drop by default.,true,metadata,,,,metadata,,
seed,seed,,technical_metadata,drop,LimeSurvey/date/timing metadata can be an indirect identifier; drop by default.,true,metadata,,,,metadata,,
startlanguage,startlanguage,,technical_metadata,drop,LimeSurvey/date/timing metadata can be an indirect identifier; drop by default.,true,metadata,,,,metadata,,
lastpage,lastpage,,technical_metadata,drop,LimeSurvey/date/timing metadata can be an indirect identifier; drop by default.,true,metadata,,,,metadata,,
submitdate,submitdate,,technical_metadata,drop,LimeSurvey/date/timing metadata can be an indirect identifier; drop by default.,true,metadata,,,,metadata,,
id,id,,direct_identifier,drop,Direct identifier or contact/linkage field; never include in default analysis output.,true,metadata,,,,metadata,,
Einv,Einv,Einv,exclusion_or_qc_variable,review,Eligibility/QC/derived exclusion variable; likely needed for processing but needs protocol decision.,true,Y,Informed consent to participate in the research project.,logical,consent,question_code,"Einverständniserklärung Bitte lies die folgenden Informationen sorgfältig durch. Deine Teilnahme ist freiwillig. Forschungsprojekt: Nützlichkeit von künstlicher Intelligenz im Coaching für Bewegungsförderung Verantwortliche Institution: Universität Bern, Institut für Sportwissenschaft (ISPW) Partner",
Ges,Ges,Ges,quasi_identifier,drop,Demographic/context/routine/location-like variable; privacy-risky and requires manual review before inclusion.,true,L,Self-reported gender of the participant.,categorical,demographics,question_code,Welches Geschlecht hast du?,
Edu,Edu,Edu,quasi_identifier,drop,Demographic/context/routine/location-like variable; privacy-risky and requires manual review before inclusion.,true,L,Highest completed educational qualification of the participant.,ordinal,demographics,question_code,Was ist dein höchster Bildungsabschluss?,
Habit1,Habit[Habit1],Habit1,sensitive_analysis_variable,keep_pseudonymized,"Closed-ended study construct or behavior variable; keep in pseudonymized analysis after codebook review, not for anonymized release by default.",false,F,My decision to be physically active is something I do automatically.,ordinal,habit instigation automaticity,subquestion_code,,…was ich automatisch mache.
Habit2,Habit[Habit2],Habit2,sensitive_analysis_variable,keep_pseudonymized,"Closed-ended study construct or behavior variable; keep in pseudonymized analysis after codebook review, not for anonymized release by default.",false,F,My decision to be physically active is something I do without consciously remembering it.,ordinal,habit instigation automaticity,subquestion_code,,"...das ich mache, ohne mich bewusst daran zu erinnern."
Habit3,Habit[Habit3],Habit3,sensitive_analysis_variable,keep_pseudonymized,"Closed-ended study construct or behavior variable; keep in pseudonymized analysis after codebook review, not for anonymized release by default.",false,F,My decision to be physically active is something I do without thinking about it.,ordinal,habit instigation automaticity,subquestion_code,,"...das ich mache, ohne darüber nachzudenken."
Habit4,Habit[Habit4],Habit4,sensitive_analysis_variable,keep_pseudonymized,"Closed-ended study construct or behavior variable; keep in pseudonymized analysis after codebook review, not for anonymized release by default.",false,F,My decision to be physically active is something I start doing before I realize that I am doing it.,ordinal,habit instigation automaticity,subquestion_code,,"...was ich anfange, bevor ich merke, dass ich es tue."
Bew1,Bew1,Bew1,sensitive_analysis_variable,keep_pseudonymized,"Closed-ended study construct or behavior variable; keep in pseudonymized analysis after codebook review, not for anonymized release by default.",false,!,Self-reported number of days per week with vigorous physical activity.,numeric,physical activity behavior,question_code,"An wie vielen Tagen pro Woche verrichtest du anstrengende körperliche Aktivitäten? Anstrengende Aktivität lässt das Herz schnell schlagen und bringt dich ins Schwitzen. Beispiele sind: schnelles Joggen, schnelles Radfahren, Rollschuhfahren, schnelles Schwimmen, Fussball, Basketball.",
Bew2,Bew2,Bew2,sensitive_analysis_variable,keep_pseudonymized,"Closed-ended study construct or behavior variable; keep in pseudonymized analysis after codebook review, not for anonymized release by default.",false,N,Self-reported minutes per day spent in vigorous physical activity.,numeric,physical activity behavior,question_code,Wie viele Minuten pro Tag verbringst du mit anstrengenden körperlichen Aktivitäten?,
Bew3,Bew3,Bew3,sensitive_analysis_variable,keep_pseudonymized,"Closed-ended study construct or behavior variable; keep in pseudonymized analysis after codebook review, not for anonymized release by default.",false,!,Self-reported number of days per week with moderate physical activity.,numeric,physical activity behavior,question_code,"An wie vielen Tagen pro Woche verrichtest du moderate körperliche Aktivitäten? Moderate Aktivität ist ein bisschen anstrengend, verursacht leicht erhöhtes Herzklopfen und bringt dich ein wenig ins Schwitzen. Beispiele sind: schnelles Gehen, langsames Radfahren, leichtes Schwimmen, Tennis, Tanzen, Vo",
Bew4,Bew4,Bew4,sensitive_analysis_variable,keep_pseudonymized,"Closed-ended study construct or behavior variable; keep in pseudonymized analysis after codebook review, not for anonymized release by default.",false,N,Self-reported minutes per day spent in moderate physical activity.,numeric,physical activity behavior,question_code,Wie viele Minuten pro Tag verbringst du mit moderaten körperlichen Aktivitäten?,
Bew5,Bew5,Bew5,sensitive_analysis_variable,keep_pseudonymized,"Closed-ended study construct or behavior variable; keep in pseudonymized analysis after codebook review, not for anonymized release by default.",false,!,Self-reported number of days per week with light physical activity.,numeric,physical activity behavior,question_code,"An wie vielen Tagen pro Woche verrichtest du leichte körperliche Aktivitäten? Leichte Aktivität ist wenig anstrengend, dein Herz schlägt normal und die Aktivität bringt dich nicht ins Schwitzen. Beispiele sind: langsames Gehen, Bowling, Angeln, Golf, Yoga.",
Bew6,Bew6,Bew6,sensitive_analysis_variable,keep_pseudonymized,"Closed-ended study construct or behavior variable; keep in pseudonymized analysis after codebook review, not for anonymized release by default.",false,N,Self-reported minutes per day spent in light physical activity.,numeric,physical activity behavior,question_code,Wie viele Minuten pro Tag verbringst du mit leichten körperlichen Aktivitäten?,
eMailIG,eMailIG,eMailIG,direct_identifier,drop,Direct identifier or contact/linkage field; never include in default analysis output.,true,S,Email address for follow-up communication in the Phase-A-first pathway.,text,contact information,question_code,"Wie lautet deine E-Mail Adresse, um dir die Details zum weiteren Studienablauf senden zu können?",
STG,STG,STG,sensitive_analysis_variable,keep_pseudonymized,"Closed-ended study construct or behavior variable; keep in pseudonymized analysis after codebook review, not for anonymized release by default.",false,L,Stage of change regarding regular physical activity.,ordinal,stage of change,question_code,"Bei der nächsten Frage geht es um regelmässige körperliche Aktivität. Regelmässige körperliche Aktivität bedeutet: - Mindestens 150 Minuten Bewegung pro Woche. - Die Intensität sollte mindestens so hoch sein, dass dein Herz leicht erhöht klopft und du ein wenig schwitzt z.B. schnelles Gehen, Radfahr",
Name,Name,Name,direct_identifier,drop,Direct identifier or contact/linkage field; never include in default analysis output.,true,S,Preferred name or nickname for follow-up communication.,text,contact information,question_code,"Wie sollen wir dich in der E-Mail und im weiteren Verlauf der Studie ansprechen? Bitte beachte: Der hier gewählte Name wird für jegliche Kommunkation innerhalb der Studie verwendent (d. h. Ansprache in E-Mails sowie in der App). Es wird auch dein Profilname in der Coaching-App. Das bedeutet, dass di",
eMailValidIG,eMailValidIG,eMailValidIG,direct_identifier,drop,Direct identifier or contact/linkage field; never include in default analysis output.,true,S,Confirmation of the email address in the Phase-A-first pathway.,text,contact information,question_code,Bitte bestätige die angegebene E-Mail Adresse.,
Intention1,Intention1[Int1],Intention1,sensitive_analysis_variable,keep_pseudonymized,"Closed-ended study construct or behavior variable; keep in pseudonymized analysis after codebook review, not for anonymized release by default.",false,F,Intention to be physically active on most days during the coming week.,ordinal,intention,single-subquestion-parent-code,,"Ich habe die Absicht, die meisten Tage in der kommenden Woche körperlich aktiv zu sein."
Intention2,Intention2[Int2],Intention2,sensitive_analysis_variable,keep_pseudonymized,"Closed-ended study construct or behavior variable; keep in pseudonymized analysis after codebook review, not for anonymized release by default.",false,F,Intended effort to be physically active on most days during the coming week.,ordinal,intention,single-subquestion-parent-code,,"Ich werde versuchen, die meisten Tage in der kommenden Woche körperlich aktiv zu sein."
Intention3,Intention3[Int3],Intention3,sensitive_analysis_variable,keep_pseudonymized,"Closed-ended study construct or behavior variable; keep in pseudonymized analysis after codebook review, not for anonymized release by default.",false,F,Plan to be physically active on most days during the coming week.,ordinal,intention,single-subquestion-parent-code,,"Ich plane, die meisten Tage in der kommenden Woche körperlich aktiv zu sein."
Att1,Att1[Att1],Att1,sensitive_analysis_variable,keep_pseudonymized,"Closed-ended study construct or behavior variable; keep in pseudonymized analysis after codebook review, not for anonymized release by default.",false,F,Evaluation of being physically active during the coming week as harmful versus beneficial.,ordinal,attitude toward behavior,subquestion_code,,Für mich ist körperliche Aktivität in der kommenden Woche...
Att2,Att2[Att2],Att2,sensitive_analysis_variable,keep_pseudonymized,"Closed-ended study construct or behavior variable; keep in pseudonymized analysis after codebook review, not for anonymized release by default.",false,F,Evaluation of being physically active during the coming week as unpleasant versus pleasant.,ordinal,attitude toward behavior,subquestion_code,,Für mich ist körperliche Aktivität in der kommenden Woche...
Att3,Att3[Att3],Att3,sensitive_analysis_variable,keep_pseudonymized,"Closed-ended study construct or behavior variable; keep in pseudonymized analysis after codebook review, not for anonymized release by default.",false,F,Evaluation of being physically active during the coming week as bad versus good.,ordinal,attitude toward behavior,subquestion_code,,Für mich ist körperliche Aktivität in der kommenden Woche...
Att4,Att4[Att4],Att4,sensitive_analysis_variable,keep_pseudonymized,"Closed-ended study construct or behavior variable; keep in pseudonymized analysis after codebook review, not for anonymized release by default.",false,F,Evaluation of being physically active during the coming week as useless versus valuable.,ordinal,attitude toward behavior,subquestion_code,,Für mich ist körperliche Aktivität in der kommenden Woche...
Att5,Att5[Att5],Att5,sensitive_analysis_variable,keep_pseudonymized,"Closed-ended study construct or behavior variable; keep in pseudonymized analysis after codebook review, not for anonymized release by default.",false,F,Evaluation of being physically active during the coming week as unenjoyable versus enjoyable.,ordinal,attitude toward behavior,subquestion_code,,Für mich ist körperliche Aktivität in der kommenden Woche...
Norm1,Norm1[Norm1],Norm1,sensitive_analysis_variable,keep_pseudonymized,"Closed-ended study construct or behavior variable; keep in pseudonymized analysis after codebook review, not for anonymized release by default.",false,F,Perception that important others think the participant should be physically active on most days during the coming week.,ordinal,injunctive norm,subquestion_code,,"Die meisten Menschen, die mir wichtig sind, denken, dass ich die meisten Tage in der kommenden Woche ..."
Norm2,Norm2[Norm2],Norm2,sensitive_analysis_variable,keep_pseudonymized,"Closed-ended study construct or behavior variable; keep in pseudonymized analysis after codebook review, not for anonymized release by default.",false,F,Perception that regular physical activity on most days during the coming week is expected from the participant.,ordinal,injunctive norm,subquestion_code,,"Es wird von mir erwartet, dass ich die meisten Tage in der kommenden Woche körperlich aktiv bin."
Norm3,Norm3[Norm3],Norm3,sensitive_analysis_variable,keep_pseudonymized,"Closed-ended study construct or behavior variable; keep in pseudonymized analysis after codebook review, not for anonymized release by default.",false,F,Perception that valued others would support the participant in being physically active on most days during the coming week.,ordinal,injunctive norm,subquestion_code,,"Die Menschen in meinem Leben, deren Meinung mir wichtig ist, würden meine körperliche Aktivität in der kommenden Woche..."
Norm4,Norm4[Norm4],Norm4,sensitive_analysis_variable,keep_pseudonymized,"Closed-ended study construct or behavior variable; keep in pseudonymized analysis after codebook review, not for anonymized release by default.",false,F,Perception that most important others are physically active on many days.,ordinal,descriptive norm,subquestion_code,,"Die meisten Menschen, die mir wichtig sind, sind an vielen Tagen körperlich aktiv."
Norm5,Norm5[Norm5],Norm5,sensitive_analysis_variable,keep_pseudonymized,"Closed-ended study construct or behavior variable; keep in pseudonymized analysis after codebook review, not for anonymized release by default.",false,F,Perception that valued others are physically active on many days.,ordinal,descriptive norm,subquestion_code,,"Die Menschen in meinem Leben, deren Meinung ich schätze, sind an vielen Tagen..."
Norm6,Norm6[Norm6],Norm6,sensitive_analysis_variable,keep_pseudonymized,"Closed-ended study construct or behavior variable; keep in pseudonymized analysis after codebook review, not for anonymized release by default.",false,F,Perception that many similar others are physically active on many days.,ordinal,descriptive norm,subquestion_code,,"Viele Menschen, die wie ich sind, sind an vielen Tagen körperlich aktiv."
Control1,Control1[Con1],Control1,sensitive_analysis_variable,keep_pseudonymized,"Closed-ended study construct or behavior variable; keep in pseudonymized analysis after codebook review, not for anonymized release by default.",false,F,Perceived possibility of being physically active on many days during the coming week.,ordinal,perceived behavioral control - capability,single-subquestion-parent-code,,"Für mich wäre es möglich, an vielen Tagen in der kommenden Woche körperlich aktiv zu sein."
Control2,Control2[Con2],Control2,sensitive_analysis_variable,keep_pseudonymized,"Closed-ended study construct or behavior variable; keep in pseudonymized analysis after codebook review, not for anonymized release by default.",false,F,Perceived feasibility of being physically active on many days during the coming week if desired.,ordinal,perceived behavioral control - capability,single-subquestion-parent-code,,"Wenn ich wollte, könnte ich an vielen Tagen in der kommenden Woche körperlich aktiv sein."
Control3,Control3[Con3],Control3,sensitive_analysis_variable,keep_pseudonymized,"Closed-ended study construct or behavior variable; keep in pseudonymized analysis after codebook review, not for anonymized release by default.",false,F,Perceived amount of control over being physically active on many days during the coming week.,ordinal,perceived behavioral control - controllability,single-subquestion-parent-code,,"Wie viel Kontrolle glaubst du darüber zu haben, an vielen Tagen in der kommenden Woche körperlich aktiv zu sein?"
Control4,Control4[Con4],Control4,sensitive_analysis_variable,keep_pseudonymized,"Closed-ended study construct or behavior variable; keep in pseudonymized analysis after codebook review, not for anonymized release by default.",false,F,Perception that being physically active on many days during the coming week mainly depends on oneself.,ordinal,perceived behavioral control - controllability,single-subquestion-parent-code,,"Es liegt hauptsächlich an mir, ob ich an vielen Tagen in der kommenden Woche körperlich aktiv bin."
IntVer1,KIM[IntVer1],IntVer1,sensitive_analysis_variable,keep_pseudonymized,"Closed-ended study construct or behavior variable; keep in pseudonymized analysis after codebook review, not for anonymized release by default.",false,F,Physical activity is enjoyable to the participant.,ordinal,interest/enjoyment,subquestion_code,,Bewegungs- und Sportaktivitäten machen mir Freude.
IntVer2,KIM[IntVer2],IntVer2,sensitive_analysis_variable,keep_pseudonymized,"Closed-ended study construct or behavior variable; keep in pseudonymized analysis after codebook review, not for anonymized release by default.",false,F,Physical activity is very interesting to the participant.,ordinal,interest/enjoyment,subquestion_code,,Ich finde Bewegungs- und Sportaktivitäten sehr interessant.
IntVer3,KIM[IntVer3],IntVer3,sensitive_analysis_variable,keep_pseudonymized,"Closed-ended study construct or behavior variable; keep in pseudonymized analysis after codebook review, not for anonymized release by default.",false,F,Physical activity is entertaining to the participant.,ordinal,interest/enjoyment,subquestion_code,,Bewegungs- und Sportaktivitäten sind unterhaltsam.
wKomp1,KIM[wKomp1],wKomp1,sensitive_analysis_variable,keep_pseudonymized,"Closed-ended study construct or behavior variable; keep in pseudonymized analysis after codebook review, not for anonymized release by default.",false,F,The participant is generally satisfied with their performance in physical activity.,ordinal,perceived competence,subquestion_code,,Mit meinen Leistungen bei meinen Bewegungs- und Sportaktivitäten bin ich generell zufrieden.
wKomp2,KIM[wKomp2],wKomp2,sensitive_analysis_variable,keep_pseudonymized,"Closed-ended study construct or behavior variable; keep in pseudonymized analysis after codebook review, not for anonymized release by default.",false,F,The participant perceives themself as skillful in physical activity.,ordinal,perceived competence,subquestion_code,,Bei Bewegungs- und Sportaktivitäten stelle ich mich geschickt an.
wKomp3,KIM[wKomp3],wKomp3,sensitive_analysis_variable,keep_pseudonymized,"Closed-ended study construct or behavior variable; keep in pseudonymized analysis after codebook review, not for anonymized release by default.",false,F,The participant believes they are quite good across different physical activities.,ordinal,perceived competence,subquestion_code,,"Ich glaube, ich bin in verschiedensten Bewegungs- und Sportaktivitäten ziemlich gut."
wWahl1,KIM[wWahl1],wWahl1,sensitive_analysis_variable,keep_pseudonymized,"Closed-ended study construct or behavior variable; keep in pseudonymized analysis after codebook review, not for anonymized release by default.",false,F,The participant feels able to self-direct their physical activity.,ordinal,perceived choice,subquestion_code,,Ich kann meine Bewegungs- und Sportaktivitäten selbst steuern.
wWahl2,KIM[wWahl2],wWahl2,sensitive_analysis_variable,keep_pseudonymized,"Closed-ended study construct or behavior variable; keep in pseudonymized analysis after codebook review, not for anonymized release by default.",false,F,The participant can choose how to engage in their physical activity.,ordinal,perceived choice,subquestion_code,,"Bei meinen Bewegungs- und Sportaktivitäten kann ich wählen, wie ich es mache."
wWahl3,KIM[wWahl3],wWahl3,sensitive_analysis_variable,keep_pseudonymized,"Closed-ended study construct or behavior variable; keep in pseudonymized analysis after codebook review, not for anonymized release by default.",false,F,The participant can proceed in physical activity in the way they want.,ordinal,perceived choice,subquestion_code,,"Bei meiner Bewegungs- und Sportaktivitäten kann ich so vorgehen, wie ich es will."
DrAn1,KIM[DrAn1],DrAn1,sensitive_analysis_variable,keep_pseudonymized,"Closed-ended study construct or behavior variable; keep in pseudonymized analysis after codebook review, not for anonymized release by default.",false,F,The participant feels under pressure when performing physical activity.,ordinal,pressure/tension,subquestion_code,,Beim Ausführen meiner Bewegungs- und Sportaktivitäten fühle ich mich unter Druck.
DrAn2,KIM[DrAn2],DrAn2,sensitive_analysis_variable,keep_pseudonymized,"Closed-ended study construct or behavior variable; keep in pseudonymized analysis after codebook review, not for anonymized release by default.",false,F,The participant feels tense when performing physical activity.,ordinal,pressure/tension,subquestion_code,,Beim Ausführen meiner Bewegungs- und Sportaktivitäten fühle ich mich angespannt.
DrAn3,KIM[DrAn3],DrAn3,sensitive_analysis_variable,keep_pseudonymized,"Closed-ended study construct or behavior variable; keep in pseudonymized analysis after codebook review, not for anonymized release by default.",false,F,The participant is concerned about generally not doing well in physical activity.,ordinal,pressure/tension,subquestion_code,,"Ich habe Bedenken, ob ich Bewegungs- und Sportaktivitäten generell gut hinbekomme."
ACheck2,KIM[ACheck2],ACheck2,exclusion_or_qc_variable,review,Eligibility/QC/derived exclusion variable; likely needed for processing but needs protocol decision.,true,F,Attention check item instructing the respondent to select response category 3.,ordinal,attention check,subquestion_code,,"Wenn du diese Aussage aufmerksam liest, dann wähle bitte den Wert '3 - stimmt ziemlich'."
Wohn,Wohn,Wohn,quasi_identifier,drop,Demographic/context/routine/location-like variable; privacy-risky and requires manual review before inclusion.,true,L,Current country of residence.,categorical,demographics,question_code,In welchem Land lebst du derzeit?,
Ethn_Am,Ethn[Am],Ethn_Am,quasi_identifier,drop,Demographic/context/routine/location-like variable; privacy-risky and requires manual review before inclusion.,true,P,Selection of an American ethnic or cultural affiliation.,logical,demographics,parent_sub_prefix,Wie würdest du deine ethnische Herkunft oder kulturelle Zugehörigkeit beschreiben? Bitte spezifiere die Herkunft/Zugehörigkeit im Kommentarfeld.,"Amerikanisch (z. B. Nord-, Mittel-, Südamerika)"
Ethn_As,Ethn[As],Ethn_As,quasi_identifier,drop,Demographic/context/routine/location-like variable; privacy-risky and requires manual review before inclusion.,true,P,Selection of an Asian ethnic or cultural affiliation.,logical,demographics,parent_sub_prefix,Wie würdest du deine ethnische Herkunft oder kulturelle Zugehörigkeit beschreiben? Bitte spezifiere die Herkunft/Zugehörigkeit im Kommentarfeld.,"Asiatisch (z. B. Nord-, Ost-, Süd-, West-, Zentralasien)"
Ethn_Eu,Ethn[Eu],Ethn_Eu,quasi_identifier,drop,Demographic/context/routine/location-like variable; privacy-risky and requires manual review before inclusion.,true,P,Selection of a European ethnic or cultural affiliation.,logical,demographics,parent_sub_prefix,Wie würdest du deine ethnische Herkunft oder kulturelle Zugehörigkeit beschreiben? Bitte spezifiere die Herkunft/Zugehörigkeit im Kommentarfeld.,"Europäisch (z. B. Nord-, Ost-, Süd-, West-, Mitteleuropa)"
Ethn_Af,Ethn[Af],Ethn_Af,quasi_identifier,drop,Demographic/context/routine/location-like variable; privacy-risky and requires manual review before inclusion.,true,P,Selection of an African ethnic or cultural affiliation.,logical,demographics,parent_sub_prefix,Wie würdest du deine ethnische Herkunft oder kulturelle Zugehörigkeit beschreiben? Bitte spezifiere die Herkunft/Zugehörigkeit im Kommentarfeld.,"Afrikanisch (z. B. Nord-, Ost-, Süd-, West-, Zentralafrika)"
Ethn_AuNe,Ethn[AuNe],Ethn_AuNe,quasi_identifier,drop,Demographic/context/routine/location-like variable; privacy-risky and requires manual review before inclusion.,true,P,Selection of an Australian or New Zealand ethnic or cultural affiliation.,logical,demographics,parent_sub_prefix,Wie würdest du deine ethnische Herkunft oder kulturelle Zugehörigkeit beschreiben? Bitte spezifiere die Herkunft/Zugehörigkeit im Kommentarfeld.,Australisch oder Neuseeländisch
Ethn_LaAa,Ethn[LaAa],Ethn_LaAa,quasi_identifier,drop,Demographic/context/routine/location-like variable; privacy-risky and requires manual review before inclusion.,true,P,Selection of a Latin American or African American ethnic or cultural affiliation.,logical,demographics,parent_sub_prefix,Wie würdest du deine ethnische Herkunft oder kulturelle Zugehörigkeit beschreiben? Bitte spezifiere die Herkunft/Zugehörigkeit im Kommentarfeld.,Lateinamerikanisch oder Afroamerikanisch
Ethn_Noe,Ethn[Noe],Ethn_Noe,quasi_identifier,drop,Demographic/context/routine/location-like variable; privacy-risky and requires manual review before inclusion.,true,P,Selection of a Middle Eastern ethnic or cultural affiliation.,logical,demographics,parent_sub_prefix,Wie würdest du deine ethnische Herkunft oder kulturelle Zugehörigkeit beschreiben? Bitte spezifiere die Herkunft/Zugehörigkeit im Kommentarfeld.,"Nahöstlich (z. B. arabisch, kurdisch, persisch)"
Ethn_In,Ethn[In],Ethn_In,quasi_identifier,drop,Demographic/context/routine/location-like variable; privacy-risky and requires manual review before inclusion.,true,P,Selection of an Indigenous ethnic or cultural affiliation.,logical,demographics,parent_sub_prefix,Wie würdest du deine ethnische Herkunft oder kulturelle Zugehörigkeit beschreiben? Bitte spezifiere die Herkunft/Zugehörigkeit im Kommentarfeld.,"Indigen (z. B. Maori, Aborigini, Inuit, Native American)"
Geb,Geb,Geb,quasi_identifier,drop,Demographic/context/routine/location-like variable; privacy-risky and requires manual review before inclusion.,true,D,Date of birth of the participant.,date,demographics,question_code,Wann bist du geboren?,
discat1,ZiMo[discat1],discat1,sensitive_analysis_variable,keep_pseudonymized,"Closed-ended study construct or behavior variable; keep in pseudonymized analysis after codebook review, not for anonymized release by default.",false,F,Reason for being physically active: to reduce anger and irritability.,ordinal,distraction/catharsis,subquestion_code,,Um Ärger und Gereiztheit abzubauen.
discat2,ZiMo[discat2],discat2,sensitive_analysis_variable,keep_pseudonymized,"Closed-ended study construct or behavior variable; keep in pseudonymized analysis after codebook review, not for anonymized release by default.",false,F,Reason for being physically active: to distract oneself from other problems.,ordinal,distraction/catharsis,subquestion_code,,Weil ich mich so von anderen Problemen ablenke.
discat3,ZiMo[discat3],discat3,sensitive_analysis_variable,keep_pseudonymized,"Closed-ended study construct or behavior variable; keep in pseudonymized analysis after codebook review, not for anonymized release by default.",false,F,Reason for being physically active: to reduce stress.,ordinal,distraction/catharsis,subquestion_code,,Um Stress abzubauen.
discat4,ZiMo[discat4],discat4,sensitive_analysis_variable,keep_pseudonymized,"Closed-ended study construct or behavior variable; keep in pseudonymized analysis after codebook review, not for anonymized release by default.",false,F,Reason for being physically active: to sort out one’s thoughts.,ordinal,distraction/catharsis,subquestion_code,,Um meine Gedanken im Kopf zu ordnen.
fit1,ZiMo[fit1],fit1,sensitive_analysis_variable,keep_pseudonymized,"Closed-ended study construct or behavior variable; keep in pseudonymized analysis after codebook review, not for anonymized release by default.",false,F,Reason for being physically active: to remain in good physical condition.,ordinal,fitness,subquestion_code,,Um mich in körperlich guter Verfassung zu halten.
fit2,ZiMo[fit2],fit2,sensitive_analysis_variable,keep_pseudonymized,"Closed-ended study construct or behavior variable; keep in pseudonymized analysis after codebook review, not for anonymized release by default.",false,F,Reason for being physically active: mainly to stay fit.,ordinal,fitness,subquestion_code,,"Vor allem, um fit zu sein."
fit3,ZiMo[fit3],fit3,sensitive_analysis_variable,keep_pseudonymized,"Closed-ended study construct or behavior variable; keep in pseudonymized analysis after codebook review, not for anonymized release by default.",false,F,Reason for being physically active: mainly to do something for physical fitness.,ordinal,fitness,subquestion_code,,"Vor allem, um etwas für meine körperliche Fitness zu tun."
heal1,ZiMo[heal1],heal1,sensitive_analysis_variable,keep_pseudonymized,"Closed-ended study construct or behavior variable; keep in pseudonymized analysis after codebook review, not for anonymized release by default.",false,F,Reason for being physically active: mainly for health reasons.,ordinal,health,subquestion_code,,Vor allem aus gesundheitlichen Gründen.
heal2,ZiMo[heal2],heal2,sensitive_analysis_variable,keep_pseudonymized,"Closed-ended study construct or behavior variable; keep in pseudonymized analysis after codebook review, not for anonymized release by default.",false,F,Reason for being physically active: mainly to improve health status.,ordinal,health,subquestion_code,,"Vor allem, um meinen Gesundheitszustand zu verbessern."
heal3,ZiMo[heal3],heal3,sensitive_analysis_variable,keep_pseudonymized,"Closed-ended study construct or behavior variable; keep in pseudonymized analysis after codebook review, not for anonymized release by default.",false,F,Reason for being physically active: to counteract physical complaints.,ordinal,health,subquestion_code,,Um körperlichen Beschwerden entgegenzuwirken.
comper1,ZiMo[comper1],comper1,sensitive_analysis_variable,keep_pseudonymized,"Closed-ended study construct or behavior variable; keep in pseudonymized analysis after codebook review, not for anonymized release by default.",false,F,Reason for being physically active: because one thrives in competition.,ordinal,competition/performance,subquestion_code,,Weil ich im Wettkampf aufblühe.
comper2,ZiMo[comper2],comper2,sensitive_analysis_variable,keep_pseudonymized,"Closed-ended study construct or behavior variable; keep in pseudonymized analysis after codebook review, not for anonymized release by default.",false,F,Reason for being physically active: to compete with others.,ordinal,competition/performance,subquestion_code,,Um mich mit anderen zu messen.
comper3,ZiMo[comper3],comper3,sensitive_analysis_variable,keep_pseudonymized,"Closed-ended study construct or behavior variable; keep in pseudonymized analysis after codebook review, not for anonymized release by default.",false,F,Reason for being physically active: to achieve athletic goals.,ordinal,competition/performance,subquestion_code,,Um sportliche Ziele zu erreichen.
aes1,ZiMo[aes1],aes1,sensitive_analysis_variable,keep_pseudonymized,"Closed-ended study construct or behavior variable; keep in pseudonymized analysis after codebook review, not for anonymized release by default.",false,F,Reason for being physically active: because the beauty of human movement in sport is enjoyable.,ordinal,aesthetics,subquestion_code,,"Weil es mir Freude bereitet, die Schönheit der menschlichen Bewegung im Sport zu erleben."
aes2,ZiMo[aes2],aes2,sensitive_analysis_variable,keep_pseudonymized,"Closed-ended study construct or behavior variable; keep in pseudonymized analysis after codebook review, not for anonymized release by default.",false,F,Reason for being physically active: because sport offers the possibility of beautiful movement.,ordinal,aesthetics,subquestion_code,,Weil Sport mir die Möglichkeit für schöne Bewegungen bietet.
con1,ZiMo[con1],con1,sensitive_analysis_variable,keep_pseudonymized,"Closed-ended study construct or behavior variable; keep in pseudonymized analysis after codebook review, not for anonymized release by default.",false,F,Reason for being physically active: to socialize with others.,ordinal,contact,subquestion_code,,Um mit anderen gesellig zusammen zu sein.
con2,ZiMo[con2],con2,sensitive_analysis_variable,keep_pseudonymized,"Closed-ended study construct or behavior variable; keep in pseudonymized analysis after codebook review, not for anonymized release by default.",false,F,Reason for being physically active: to do something in a group.,ordinal,contact,subquestion_code,,Um etwas in einer Gruppe zu unternehmen.
con3,ZiMo[con3],con3,sensitive_analysis_variable,keep_pseudonymized,"Closed-ended study construct or behavior variable; keep in pseudonymized analysis after codebook review, not for anonymized release by default.",false,F,Reason for being physically active: to meet friends or acquaintances.,ordinal,contact,subquestion_code,,Um dabei Freunde/Bekannte zu treffen.
con4,ZiMo[con4],con4,sensitive_analysis_variable,keep_pseudonymized,"Closed-ended study construct or behavior variable; keep in pseudonymized analysis after codebook review, not for anonymized release by default.",false,F,Reason for being physically active: to get to know other people.,ordinal,contact,subquestion_code,,Um dadurch Menschen kennen zu lernen.
ACheck3,ZiMo[ACheck3],ACheck3,exclusion_or_qc_variable,review,Eligibility/QC/derived exclusion variable; likely needed for processing but needs protocol decision.,true,F,Attention check item instructing the respondent to select response category 3.,ordinal,attention check,subquestion_code,,"Wenn du diese Aussage aufmerksam liest, dann wähle bitte den Wert '3'."
con5,ZiMo[con5],con5,sensitive_analysis_variable,keep_pseudonymized,"Closed-ended study construct or behavior variable; keep in pseudonymized analysis after codebook review, not for anonymized release by default.",false,F,Reason for being physically active: to make new friends through sport.,ordinal,contact,subquestion_code,,Um durch den Sport neue Freunde zu gewinnen.
figapp1,ZiMo[figapp1],figapp1,sensitive_analysis_variable,keep_pseudonymized,"Closed-ended study construct or behavior variable; keep in pseudonymized analysis after codebook review, not for anonymized release by default.",false,F,Reason for being physically active: to lose weight.,ordinal,appearance,subquestion_code,,Um abzunehmen.
figapp2,ZiMo[figapp2],figapp2,sensitive_analysis_variable,keep_pseudonymized,"Closed-ended study construct or behavior variable; keep in pseudonymized analysis after codebook review, not for anonymized release by default.",false,F,Reason for being physically active: to regulate body weight.,ordinal,appearance,subquestion_code,,Um mein Gewicht zu regulieren.
figapp3,ZiMo[figapp3],figapp3,sensitive_analysis_variable,keep_pseudonymized,"Closed-ended study construct or behavior variable; keep in pseudonymized analysis after codebook review, not for anonymized release by default.",false,F,Reason for being physically active: because of one’s figure or appearance.,ordinal,appearance,subquestion_code,,Wegen meiner Figur.
discat5,ZiMo[discat5],discat5,sensitive_analysis_variable,keep_pseudonymized,"Closed-ended study construct or behavior variable; keep in pseudonymized analysis after codebook review, not for anonymized release by default.",false,F,Reason for being physically active: to relax.,ordinal,distraction/catharsis,subquestion_code,,Um mich zu entspannen.
enjoy1,ZiMo[enjoy1],enjoy1,sensitive_analysis_variable,keep_pseudonymized,"Closed-ended study construct or behavior variable; keep in pseudonymized analysis after codebook review, not for anonymized release by default.",false,F,Reason for being physically active: to recharge one's batteries.,ordinal,activation/joy,subquestion_code,,Um neue Energie zu tanken.
enjoy2,ZiMo[enjoy2],enjoy2,sensitive_analysis_variable,keep_pseudonymized,"Closed-ended study construct or behavior variable; keep in pseudonymized analysis after codebook review, not for anonymized release by default.",false,F,Reason for being physically active: primarily for the joy of movement.,ordinal,activation/joy,subquestion_code,,Vor allem aus Freude an der Bewegung.
enjoy3,ZiMo[enjoy3],enjoy3,sensitive_analysis_variable,keep_pseudonymized,"Closed-ended study construct or behavior variable; keep in pseudonymized analysis after codebook review, not for anonymized release by default.",false,F,Reason for being physically active: because of the thrill.,ordinal,activation/joy,subquestion_code,,Wegen des Nervenkitzels.
risk1,ZiMo[risk1],risk1,sensitive_analysis_variable,keep_pseudonymized,"Closed-ended study construct or behavior variable; keep in pseudonymized analysis after codebook review, not for anonymized release by default.",false,F,Reason for being physically active: to take a risk.,ordinal,risk/challenge,subquestion_code,,Um etwas zu wagen.
risk2,ZiMo[risk2],risk2,sensitive_analysis_variable,keep_pseudonymized,"Closed-ended study construct or behavior variable; keep in pseudonymized analysis after codebook review, not for anonymized release by default.",false,F,Reason for being physically active: because risky situations are appealing.,ordinal,risk/challenge,subquestion_code,,Weil riskante Situationen für mich reizvoll sind.
risk3,ZiMo[risk3],risk3,sensitive_analysis_variable,keep_pseudonymized,"Closed-ended study construct or behavior variable; keep in pseudonymized analysis after codebook review, not for anonymized release by default.",false,F,Reason for being physically active: to test one’s courage.,ordinal,risk/challenge,subquestion_code,,Um meinen Mut zu testen.
randomGroup,randomGroup,randomGroup,contact_or_operational,drop,Operational/contact-side variable; not part of default analysis output.,true,*,Randomization variable generated at baseline to assign study group.,categorical,technical / randomization,question_code,,
eMailKG,eMailKG,eMailKG,direct_identifier,drop,Direct identifier or contact/linkage field; never include in default analysis output.,true,S,Email address for follow-up communication in the Phase-B-first pathway.,text,contact information,question_code,"Wie lautet deine E-Mail Adresse, um dir die Details zum weiteren Studienablauf senden zu können?",
eMailValidKG,eMailValidKG,eMailValidKG,direct_identifier,drop,Direct identifier or contact/linkage field; never include in default analysis output.,true,S,Confirmation of the email address in the Phase-B-first pathway.,text,contact information,question_code,Bitte bestätige die angegebene E-Mail Adresse.,
WA1,TAM[WA1],WA1,sensitive_analysis_variable,keep_pseudonymized,"Closed-ended study construct or behavior variable; keep in pseudonymized analysis after codebook review, not for anonymized release by default.",false,F,Overall visual attractiveness of the app.,ordinal,app aesthetics,subquestion_code,,"Insgesamt finde ich, dass die {AppName} optisch ansprechend gestaltet ist."
WA2,TAM[WA2],WA2,sensitive_analysis_variable,keep_pseudonymized,"Closed-ended study construct or behavior variable; keep in pseudonymized analysis after codebook review, not for anonymized release by default.",false,F,Attractiveness of the app layout.,ordinal,app aesthetics,subquestion_code,,Das Layout der {AppName} ist attraktiv.
WA3,TAM[WA3],WA3,sensitive_analysis_variable,keep_pseudonymized,"Closed-ended study construct or behavior variable; keep in pseudonymized analysis after codebook review, not for anonymized release by default.",false,F,Appeal of the colors used in the app.,ordinal,app aesthetics,subquestion_code,,Die in der {AppName} verwendeten Farben sind ansprechend.
WN1,TAM[WN1],WN1,sensitive_analysis_variable,keep_pseudonymized,"Closed-ended study construct or behavior variable; keep in pseudonymized analysis after codebook review, not for anonymized release by default.",false,F,Perceived usefulness of the app for improving knowledge about physical activity.,ordinal,perceived usefulness,subquestion_code,,Die {AppName} verbessert mein Wissen über körperliche Aktivität.
WN2,TAM[WN2],WN2,sensitive_analysis_variable,keep_pseudonymized,"Closed-ended study construct or behavior variable; keep in pseudonymized analysis after codebook review, not for anonymized release by default.",false,F,Perceived usefulness of the app for more efficient information search about physical activity.,ordinal,perceived usefulness,subquestion_code,,Die {AppName} erhöht meine Effizienz bei der Suche nach Informationen über körperliche Aktivität.
WN3,TAM[WN3],WN3,sensitive_analysis_variable,keep_pseudonymized,"Closed-ended study construct or behavior variable; keep in pseudonymized analysis after codebook review, not for anonymized release by default.",false,F,Perceived usefulness of the app for more productive information search about physical activity.,ordinal,perceived usefulness,subquestion_code,,Die {AppName} steigert meine Produktivität bei der Informationssuche im Bereich körperlicher Aktivität.
WN4,TAM[WN4],WN4,sensitive_analysis_variable,keep_pseudonymized,"Closed-ended study construct or behavior variable; keep in pseudonymized analysis after codebook review, not for anonymized release by default.",false,F,Perceived usefulness of the app for finding information about physical activity.,ordinal,perceived usefulness,subquestion_code,,Die {AppName} ist nützlich für die Suche nach Informationen bezüglich körperlicher Aktivität.
WB1,TAM[WB1],WB1,sensitive_analysis_variable,keep_pseudonymized,"Closed-ended study construct or behavior variable; keep in pseudonymized analysis after codebook review, not for anonymized release by default.",false,F,Perceived ease of using the app.,ordinal,perceived ease of use,subquestion_code,,Die {AppName} ist einfach zu bedienen.
WB2,TAM[WB2],WB2,sensitive_analysis_variable,keep_pseudonymized,"Closed-ended study construct or behavior variable; keep in pseudonymized analysis after codebook review, not for anonymized release by default.",false,F,Perceived ease of learning how to use the app.,ordinal,perceived ease of use,subquestion_code,,"Es ist leicht, die Bedienung der {AppName} zu erlernen."
WB3,TAM[WB3],WB3,sensitive_analysis_variable,keep_pseudonymized,"Closed-ended study construct or behavior variable; keep in pseudonymized analysis after codebook review, not for anonymized release by default.",false,F,Perceived clarity and comprehensibility of interaction with the app.,ordinal,perceived ease of use,subquestion_code,,Die Interaktion mit der {AppName} ist klar und verständlich.
WB4,TAM[WB4],WB4,sensitive_analysis_variable,keep_pseudonymized,"Closed-ended study construct or behavior variable; keep in pseudonymized analysis after codebook review, not for anonymized release by default.",false,F,Perceived intuitiveness of using the app.,ordinal,perceived ease of use,subquestion_code,,Die Nutzung der {AppName} ist intuitiv.
WF1,TAM[WF1],WF1,sensitive_analysis_variable,keep_pseudonymized,"Closed-ended study construct or behavior variable; keep in pseudonymized analysis after codebook review, not for anonymized release by default.",false,F,Perception that using the app is entertaining.,ordinal,app enjoyment,subquestion_code,,Die Nutzung der {AppName} unterhält mich.
WF2,TAM[WF2],WF2,sensitive_analysis_variable,keep_pseudonymized,"Closed-ended study construct or behavior variable; keep in pseudonymized analysis after codebook review, not for anonymized release by default.",false,F,Perception that using the app is enjoyable.,ordinal,app enjoyment,subquestion_code,,"Es macht Freude, die {AppName} zu verwenden."
WF3,TAM[WF3],WF3,sensitive_analysis_variable,keep_pseudonymized,"Closed-ended study construct or behavior variable; keep in pseudonymized analysis after codebook review, not for anonymized release by default.",false,F,Perception that using the app is interesting.,ordinal,app enjoyment,subquestion_code,,Die Nutzung der {AppName} ist interessant.
WF4,TAM[WF4],WF4,sensitive_analysis_variable,keep_pseudonymized,"Closed-ended study construct or behavior variable; keep in pseudonymized analysis after codebook review, not for anonymized release by default.",false,F,Perception that using the app is pleasurable.,ordinal,app enjoyment,subquestion_code,,Die Nutzung der {AppName} bereitet mir Freude.
WV1,TAM[WV1],WV1,sensitive_analysis_variable,keep_pseudonymized,"Closed-ended study construct or behavior variable; keep in pseudonymized analysis after codebook review, not for anonymized release by default.",false,F,Perceived credibility of the information provided by the app.,ordinal,app trust,subquestion_code,,"Ich halte die Informationen, die mir die {AppName} bereitstellt, für glaubwürdig."
WV2,TAM[WV2],WV2,sensitive_analysis_variable,keep_pseudonymized,"Closed-ended study construct or behavior variable; keep in pseudonymized analysis after codebook review, not for anonymized release by default.",false,F,Perception that the app is honest and reliable.,ordinal,app trust,subquestion_code,,Die {AppName} ist ehrlich und zuverlässig.
WV3,TAM[WV3],WV3,sensitive_analysis_variable,keep_pseudonymized,"Closed-ended study construct or behavior variable; keep in pseudonymized analysis after codebook review, not for anonymized release by default.",false,F,Perception that the app can be trusted completely.,ordinal,app trust,subquestion_code,,Ich kann der {AppName} uneingeschränkt vertrauen.
WV4,TAM[WV4],WV4,sensitive_analysis_variable,keep_pseudonymized,"Closed-ended study construct or behavior variable; keep in pseudonymized analysis after codebook review, not for anonymized release by default.",false,F,Perception that the app keeps its promises.,ordinal,app trust,subquestion_code,,Die {AppName} hält ihre Versprechen.
NI1,TAM[NI1],NI1,sensitive_analysis_variable,keep_pseudonymized,"Closed-ended study construct or behavior variable; keep in pseudonymized analysis after codebook review, not for anonymized release by default.",false,F,Intention to use the app regularly in the future.,ordinal,future usage intention,subquestion_code,,Ich würde die {AppName} in Zukunft regelmässig nutzen.
NI2,TAM[NI2],NI2,sensitive_analysis_variable,keep_pseudonymized,"Closed-ended study construct or behavior variable; keep in pseudonymized analysis after codebook review, not for anonymized release by default.",false,F,Intention to use the app frequently in the future.,ordinal,future usage intention,subquestion_code,,Ich würde die {AppName} in Zukunft häufig verwenden.
NI3,TAM[NI3],NI3,sensitive_analysis_variable,keep_pseudonymized,"Closed-ended study construct or behavior variable; keep in pseudonymized analysis after codebook review, not for anonymized release by default.",false,F,Intention to use the app if access to a smartphone is available.,ordinal,future usage intention,subquestion_code,,"Wenn ich Zugang zu einem Smartphone habe, würde ich beabsichtigen, die {AppName} zu nutzen."
NI4,TAM[NI4],NI4,sensitive_analysis_variable,keep_pseudonymized,"Closed-ended study construct or behavior variable; keep in pseudonymized analysis after codebook review, not for anonymized release by default.",false,F,Expected future use of the app if access to a smartphone is available.,ordinal,future usage intention,subquestion_code,,"Sofern ich Zugang zu einem Smartphone habe, gehe ich davon aus, dass ich die {AppName} nutzen würde."
QualPos,QualPos,QualPos,free_text,drop,Open text or free-text-like field; drop by default unless manually anonymized/reviewed.,true,T,Most positively perceived aspect of the app.,text,app evaluation,question_code,Was hat dir an der {AppName} am besten gefallen?,
QualNeg,QualNeg,QualNeg,free_text,drop,Open text or free-text-like field; drop by default unless manually anonymized/reviewed.,true,T,Suggested improvements for the app.,text,app evaluation,question_code,Welche Verbesserungsvorschläge hättest du für die {AppName}?,
QualOthApp,QualOthApp,QualOthApp,free_text,drop,Open text or free-text-like field; drop by default unless manually anonymized/reviewed.,true,T,Description of other apps or devices used and their purpose.,text,other app use,question_code,Welche anderen Apps oder Geräte waren das und wofür hast du sie genau genutzt?,
AppUseDays,AppUseDays,AppUseDays,sensitive_analysis_variable,keep_pseudonymized,"Closed-ended study construct or behavior variable; keep in pseudonymized analysis after codebook review, not for anonymized release by default.",false,!,Average number of days per week the relevant app or device was used during the previous 12 weeks.,numeric,app use,question_code,An wie vielen Tagen pro Woche hast du diese im Durchschnitt verwendet?,
AppUseStudy,AppUseStudy,AppUseStudy,sensitive_analysis_variable,keep_pseudonymized,"Closed-ended study construct or behavior variable; keep in pseudonymized analysis after codebook review, not for anonymized release by default.",false,Y,Use of the study-relevant app or device during the previous 12 weeks.,logical,app use,question_code,"Hast du in den vergangenen 12 Wochen {if((studyGroup == 1 AND timePoint == 2) OR (studyGroup == 2 AND timePoint == 3), ""die Studien KI-App"", if(studyGroup == 2 AND timePoint == 2, ""deine vorinstallierte Gesundheits-App (z. B. Apple Health, Google Fit)"", ""irgendeine App oder Sportuhr (Wearable)""))} v",
timePoint,timePoint,timePoint,sensitive_analysis_variable,keep_pseudonymized,"Closed-ended study construct or behavior variable; keep in pseudonymized analysis after codebook review, not for anonymized release by default.",false,*,Measurement time point of survey administration.,categorical,technical / wave control,question_code,1,
studyGroup,studyGroup,studyGroup,sensitive_analysis_variable,keep_pseudonymized,"Closed-ended study construct or behavior variable; keep in pseudonymized analysis after codebook review, not for anonymized release by default.",false,*,Study group allocation indicating the order of study phases.,categorical,technical / group allocation,question_code,,
otherAppUse,otherAppUse,otherAppUse,free_text,drop,Open text or free-text-like field; drop by default unless manually anonymized/reviewed.,true,Y,Use of other apps or wearable devices to promote physical activity during the previous 12 weeks.,logical,other app use,question_code,"Hast du in den vergangenen 12 Wochen andere Apps oder Sportuhren (Wearable) verwendet, um deine körperliche Aktivität zu fördern?",
AppName,AppName,AppName,contact_or_operational,drop,Operational/contact-side variable; not part of default analysis output.,true,*,Hidden app label displayed in wave-specific app questions.,categorical,technical / display logic,question_code,,
TransferAppDetail,TransferAppDetail,TransferAppDetail,free_text,drop,Open text or free-text-like field; drop by default unless manually anonymized/reviewed.,true,T,Description of apps or devices used during the transfer phase and their purpose.,text,app use,question_code,"""Welche anderen Apps oder Geräte hast du genutzt und wofür genau?""",
QualAppGeneral,QualAppGeneral,QualAppGeneral,free_text,drop,Open text or free-text-like field; drop by default unless manually anonymized/reviewed.,true,T,"Description of currently used apps or devices, including duration, frequency, and purpose of use.",text,prior app use,question_code,"Welche Apps oder Geräte nutzt du aktuell? Beschreibe bitte seit wann, wie oft und wofür du die Apps/Geräte nutzt?",
AppUseGeneral,AppUseGeneral,AppUseGeneral,sensitive_analysis_variable,keep_pseudonymized,"Closed-ended study construct or behavior variable; keep in pseudonymized analysis after codebook review, not for anonymized release by default.",false,Y,Previous use of apps or wearable devices to promote physical activity.,logical,prior app use,question_code,"Hast du in der Vergangenheit bereits Apps oder Sportuhren (Wearables) verwendet, um deine körperliche Aktivität zu fördern?",
PhoneSystem,PhoneSystem,PhoneSystem,quasi_identifier,drop,Demographic/context/routine/location-like variable; privacy-risky and requires manual review before inclusion.,true,L,Smartphone operating system used by the participant.,categorical,device information,question_code,Welches Betriebssystem hat dein Smartphone?,
SystemLink,SystemLink,SystemLink,direct_identifier,drop,Direct identifier or contact/linkage field; never include in default analysis output.,true,*,Hidden app store / system link generated for the participant.,text,technical / contact,question_code,,
MotivComp4,MotivComp[MotivComp4],MotivComp4,sensitive_analysis_variable,keep_pseudonymized,"Closed-ended study construct or behavior variable; keep in pseudonymized analysis after codebook review, not for anonymized release by default.",false,F,Ease of judging what characterizes different physical activities.,ordinal,motivational competence,subquestion_code,,"Mir fällt es sehr leicht abzuschätzen, was verschiedene Bewegungs- und Sportaktivitäten auszeichnen."
MotivComp3,MotivComp[MotivComp3],MotivComp3,sensitive_analysis_variable,keep_pseudonymized,"Closed-ended study construct or behavior variable; keep in pseudonymized analysis after codebook review, not for anonymized release by default.",false,F,Clarity about what matters personally in a physical activity so that it is enjoyable.,ordinal,motivational competence,subquestion_code,,"Ich weiß genau, worauf es mir bei einer Bewegungs- und Sportaktivität ankommt, damit sie mir gefällt."
MotivComp2,MotivComp[MotivComp2],MotivComp2,sensitive_analysis_variable,keep_pseudonymized,"Closed-ended study construct or behavior variable; keep in pseudonymized analysis after codebook review, not for anonymized release by default.",false,F,Ability to recognize whether a physical activity is a good personal fit.,ordinal,motivational competence,subquestion_code,,"Ich kann sehr gut erkennen, ob eine Bewegungs- und Sportaktivität zu mir passt."
MotivComp1,MotivComp[MotivComp1],MotivComp1,sensitive_analysis_variable,keep_pseudonymized,"Closed-ended study construct or behavior variable; keep in pseudonymized analysis after codebook review, not for anonymized release by default.",false,F,Ability to choose a suitable physical activity from a variety of options.,ordinal,motivational competence,subquestion_code,,"Ich bin sehr gut in der Lage aus einer Vielfalt von Bewegungs- und Sportaktivitäten diejenige auswählen, welche mir am meisten entspricht."
VolSelf3,VolSelf[VolSelf3],VolSelf3,sensitive_analysis_variable,keep_pseudonymized,"Closed-ended study construct or behavior variable; keep in pseudonymized analysis after codebook review, not for anonymized release by default.",false,F,Discipline in implementing one’s intention to become more physically active.,ordinal,volitional self-control,subquestion_code,,"Wenn ich mir vornehme, mich mehr bewegen zu wollen, habe ich viel Disziplin bei der Umsetzung."
VolSelf2,VolSelf[VolSelf2],VolSelf2,sensitive_analysis_variable,keep_pseudonymized,"Closed-ended study construct or behavior variable; keep in pseudonymized analysis after codebook review, not for anonymized release by default.",false,F,Tendency to keep one’s intention to be active in mind and not be easily distracted from it.,ordinal,volitional self-control,subquestion_code,,"Mein Vorhaben, mich zu bewegen, behalte ich im Auge und lasse mich nicht leicht davon abbringen."
VolSelf1,VolSelf[VolSelf1],VolSelf1,sensitive_analysis_variable,keep_pseudonymized,"Closed-ended study construct or behavior variable; keep in pseudonymized analysis after codebook review, not for anonymized release by default.",false,F,Tendency to carry out a planned physical activity.,ordinal,volitional self-control,subquestion_code,,"Wenn ich eine Bewegungs- und Sportaktivität geplant habe, setze ich das in der Regel auch um."
ActionPlan3,ActionPlan[ActionPlan3],ActionPlan3,sensitive_analysis_variable,keep_pseudonymized,"Closed-ended study construct or behavior variable; keep in pseudonymized analysis after codebook review, not for anonymized release by default.",false,F,Plan for on which days of the week physical activity will be performed during the next two weeks.,ordinal,action planning,subquestion_code,,…an welchen Tagen der Woche ich mich bewege bzw. sportlich aktiv sein werde.
ActionPlan1,ActionPlan[ActionPlan1],ActionPlan1,sensitive_analysis_variable,keep_pseudonymized,"Closed-ended study construct or behavior variable; keep in pseudonymized analysis after codebook review, not for anonymized release by default.",false,F,Plan for which type of physical activity will be performed during the next two weeks.,ordinal,action planning,subquestion_code,,…welche Art von Bewegungs- und Sportaktivitäten ich machen werde.
ActionPlan2,ActionPlan[ActionPlan2],ActionPlan2,sensitive_analysis_variable,keep_pseudonymized,"Closed-ended study construct or behavior variable; keep in pseudonymized analysis after codebook review, not for anonymized release by default.",false,F,Plan for where physical activity will be performed during the next two weeks.,ordinal,action planning,subquestion_code,,…wo ich mich bewegen bzw. sportlich aktiv sein werde.
ActionPlan4,ActionPlan[ActionPlan4],ActionPlan4,sensitive_analysis_variable,keep_pseudonymized,"Closed-ended study construct or behavior variable; keep in pseudonymized analysis after codebook review, not for anonymized release by default.",false,F,Plan for how long physical activity will be performed during the next two weeks.,ordinal,action planning,subquestion_code,,…für wie lange ich mich bewege bzw. sportlich aktiv sein werde.
Prof,Prof,Prof,quasi_identifier,drop,Demographic/context/routine/location-like variable; privacy-risky and requires manual review before inclusion.,true,L,Current employment status of the participant.,categorical,demographics,question_code,Was ist dein derzeitiges Arbeitsverhältnis?,
AufWa,AlltagAbl[AufWa],AufWa,quasi_identifier,drop,Demographic/context/routine/location-like variable; privacy-risky and requires manual review before inclusion.,true,Q,Wake-up time on a typical day.,time (HH:MM),daily routine,subquestion_code,Wie verläuft für dich ein typischer (Arbeits-)Tag?,Aufwachen: Uhrzeit
StaProf,AlltagAbl[StaProf],StaProf,quasi_identifier,drop,Demographic/context/routine/location-like variable; privacy-risky and requires manual review before inclusion.,true,Q,Start time of work or study on a typical day.,time (HH:MM),daily routine,subquestion_code,Wie verläuft für dich ein typischer (Arbeits-)Tag?,Startzeit Arbeit/Ausbildung/Studium: Uhrzeit
PausDau,AlltagAbl[PausDau],PausDau,quasi_identifier,drop,Demographic/context/routine/location-like variable; privacy-risky and requires manual review before inclusion.,true,Q,Duration of breaks on a typical day.,duration (HH:MM),daily routine,subquestion_code,Wie verläuft für dich ein typischer (Arbeits-)Tag?,Dauer Pause: (im Format Stunden:Minuten angeben)
EndProf,AlltagAbl[EndProf],EndProf,quasi_identifier,drop,Demographic/context/routine/location-like variable; privacy-risky and requires manual review before inclusion.,true,Q,End time of work or study on a typical day.,time (HH:MM),daily routine,subquestion_code,Wie verläuft für dich ein typischer (Arbeits-)Tag?,Endzeit Arbeit/Ausbildung/Studium: Uhrzeit
FreiDau,AlltagAbl[FreiDau],FreiDau,quasi_identifier,drop,Demographic/context/routine/location-like variable; privacy-risky and requires manual review before inclusion.,true,Q,Duration of leisure time on a typical day.,duration (HH:MM),daily routine,subquestion_code,Wie verläuft für dich ein typischer (Arbeits-)Tag?,Dauer Freizeit: (im Format Stunden:Minuten angeben)
BettZeit,AlltagAbl[BettZeit],BettZeit,quasi_identifier,drop,Demographic/context/routine/location-like variable; privacy-risky and requires manual review before inclusion.,true,Q,Bedtime on a typical day.,time (HH:MM),daily routine,subquestion_code,Wie verläuft für dich ein typischer (Arbeits-)Tag?,Zu Bett gehen: Uhrzeit
Branche,Branche,Branche,free_text,drop,Open text or free-text-like field; drop by default unless manually anonymized/reviewed.,true,S,Short description of the participant’s occupational sector or field.,text,demographics,question_code,Bitte beschreibe die Branche/den Bereich deiner (Arbeits-)Tätigkeit kurz in drei Wörtern.,
Einko,Einko,Einko,quasi_identifier,drop,Demographic/context/routine/location-like variable; privacy-risky and requires manual review before inclusion.,true,L,Monthly gross income category.,ordinal,demographics,question_code,Was ist dein monatliches Einkommen (brutto) pro Monat?,
ACheck1,ACheck1[ACheck1],ACheck1,exclusion_or_qc_variable,review,Eligibility/QC/derived exclusion variable; likely needed for processing but needs protocol decision.,true,F,Attention check item instructing the respondent to select response category 3.,ordinal,attention check,subquestion_code,,"Wenn du diese Aussage aufmerksam liest, dann wähle bitte den Wert '3'."
BStel,EntfernPOI[BStel],BStel,quasi_identifier,drop,Demographic/context/routine/location-like variable; privacy-risky and requires manual review before inclusion.,true,Q,Approximate distance from home to place of occupation.,numeric,distance to points of interest,subquestion_code,"Wie weit sind folgende Orte ca. von dir entfernt? Wenn dir mehrere Orte zu einer Rubrik einfallen, dann nimm gerne einen Mittelwert aus allen Entfernung.","Beschäftigungstelle (z. B. Arbeitsort, Universität/Schule, [Home]Office)"
InBew,EntfernPOI[InBew],InBew,quasi_identifier,drop,Demographic/context/routine/location-like variable; privacy-risky and requires manual review before inclusion.,true,Q,Approximate distance from home to indoor physical activity opportunities.,numeric,distance to points of interest,subquestion_code,"Wie weit sind folgende Orte ca. von dir entfernt? Wenn dir mehrere Orte zu einer Rubrik einfallen, dann nimm gerne einen Mittelwert aus allen Entfernung.","Indoor Bewegungsmöglichkeiten (z. B. Gym/Fitnessstudio, Schwimmbad, Turnhalle)"
OutBew,EntfernPOI[OutBew],OutBew,quasi_identifier,drop,Demographic/context/routine/location-like variable; privacy-risky and requires manual review before inclusion.,true,Q,Approximate distance from home to outdoor physical activity opportunities.,numeric,distance to points of interest,subquestion_code,"Wie weit sind folgende Orte ca. von dir entfernt? Wenn dir mehrere Orte zu einer Rubrik einfallen, dann nimm gerne einen Mittelwert aus allen Entfernung.","Outdoor Bewegungsmöglichkeiten (z. B. Park/Wald, Trainingsplatz)"
METtotal,METtotal,METtotal,exclusion_or_qc_variable,review,Eligibility/QC/derived exclusion variable; likely needed for processing but needs protocol decision.,true,*,Hidden calculated total MET-minutes per week based on self-reported physical activity.,numeric,technical / physical activity classification,question_code,(unsichtbar),
PAFlag,PAFlag,PAFlag,exclusion_or_qc_variable,review,Eligibility/QC/derived exclusion variable; likely needed for processing but needs protocol decision.,true,*,Hidden physical activity classification flag based on METtotal and stage of change.,binary,technical / physical activity classification,question_code,(unsichtbar),
AttentionCheckFlag,AttentionCheckFlag,AttentionCheckFlag,exclusion_or_qc_variable,review,Eligibility/QC/derived exclusion variable; likely needed for processing but needs protocol decision.,true,*,Hidden flag for attention-check failure.,binary,technical / data quality,question_code,(unsichtbar),
Wohnort,Wohnort,Wohnort,quasi_identifier,drop,Demographic/context/routine/location-like variable; privacy-risky and requires manual review before inclusion.,true,L,Self-described type of residential area.,categorical,socio-demographic information,question_code,"Wie würdest du das Gebiet, in dem du aktuell lebst, am ehesten beschreiben? (Bitte orientiere dich an der ungefähren Einwohnerzahl deiner Gemeinde bzw. Stadt)",
Ver,UmgebTyp[Ver],Ver,quasi_identifier,drop,Demographic/context/routine/location-like variable; privacy-risky and requires manual review before inclusion.,true,F,Evaluation of whether the direct residential environment is densely built and highly sealed.,ordinal,residential environment,subquestion_code,Bitte bewerte deine direkte Wohnumgebung (d. h. im Umkreis von etwa 800 Meter bzw 10 Gehminuten) anhand der folgenden Aussagen:,Meine Umgebung ist dicht bebaut und stark versiegelt (d. h. viel Asphalt und Beton).
Nat,UmgebTyp[Nat],Nat,quasi_identifier,drop,Demographic/context/routine/location-like variable; privacy-risky and requires manual review before inclusion.,true,F,"Evaluation of whether the participant has quick access from home to nature such as forest, parks, or water.",ordinal,residential environment,subquestion_code,Bitte bewerte deine direkte Wohnumgebung (d. h. im Umkreis von etwa 800 Meter bzw 10 Gehminuten) anhand der folgenden Aussagen:,"Ich habe von zu Hause aus schnellen Zugang zu Natur wie Wald, Parks oder Gewässern (d. h. weniger als 300 Meter bzw 5 Gehminuten)."
Mov,UmgebTyp[Mov],Mov,quasi_identifier,drop,Demographic/context/routine/location-like variable; privacy-risky and requires manual review before inclusion.,true,F,Evaluation of whether pleasant and safe routes for walking or cycling are available in everyday life/leisure time.,ordinal,residential environment,subquestion_code,Bitte bewerte deine direkte Wohnumgebung (d. h. im Umkreis von etwa 800 Meter bzw 10 Gehminuten) anhand der folgenden Aussagen:,"Es gibt angenehme und sichere Wege, um im Alltag/in der Freizeit spazieren zu gehen oder mit dem Rad unterwegs zu sein."
HHGroesse,HHGroesse,HHGroesse,quasi_identifier,drop,Demographic/context/routine/location-like variable; privacy-risky and requires manual review before inclusion.,true,N,"Number of people living in the participant’s household, including the participant.",numeric,household information,question_code,"Wie viele Personen - inklusive dir - leben in dem Haushalt, in dem du lebst?",
HHMinderj,HHMinderj,HHMinderj,quasi_identifier,drop,Demographic/context/routine/location-like variable; privacy-risky and requires manual review before inclusion.,true,N,Number of minors under 18 years living in the participant’s household.,numeric,household information,question_code,Wie viele Personen in deinem Haushalt sind minderjährig (unter 18 Jahren)?,
CareArbeit,CareArbeit,CareArbeit,quasi_identifier,drop,Demographic/context/routine/location-like variable; privacy-risky and requires manual review before inclusion.,true,Y,"Whether the participant performs household, childcare, or care work for relatives.",logical,care work,question_code,"Übernimmst du Aufgaben im Haushalt, bei der Kinderbetreuung oder der Pflege von Angehörigen (d. h. Care-Arbeit)?",
CareStunden,CareStunden,CareStunden,quasi_identifier,drop,Demographic/context/routine/location-like variable; privacy-risky and requires manual review before inclusion.,true,N,"Estimated number of hours per week spent on household, childcare, or care work.",numeric,care work,question_code,Wie viele Stunden pro Woche verbringst du schätzungsweise mit diesen Aufgaben? (Bitte schätze die Dauer in vollen Stunden z. B. 12 Stunden),
Social,Social,Social,quasi_identifier,drop,Demographic/context/routine/location-like variable; privacy-risky and requires manual review before inclusion.,true,N,Estimated average number of hours per week spent with social contacts.,numeric,social contacts,question_code,"Wie viele Stunden pro Woche verbringst du durchschnittlich mit sozialen Kontakten (z. B. Freunde, Familie, Partner:in)? Bitte schätze einen durchschnittlichen Wert über die letzten 7 Tage.",
PASubgroup,PASubgroup,PASubgroup,exclusion_or_qc_variable,review,Eligibility/QC/derived exclusion variable; likely needed for processing but needs protocol decision.,true,*,Hidden subgroup classification for baseline physical activity level.,categorical,technical / subgrouping,question_code,(unsichtbar),
utmsource,utmsource,,recruitment_metadata,drop,Campaign/recruitment metadata; exclude unless recruitment-channel analyses are planned.,true,S,,,,no_direct_match,utm_source,
utmmedium,utmmedium,,recruitment_metadata,drop,Campaign/recruitment metadata; exclude unless recruitment-channel analyses are planned.,true,S,,,,no_direct_match,utm_medium,
utmcampaign,utmcampaign,,recruitment_metadata,drop,Campaign/recruitment metadata; exclude unless recruitment-channel analyses are planned.,true,S,,,,no_direct_match,utm_campaign,
utmcontent,utmcontent,,recruitment_metadata,drop,Campaign/recruitment metadata; exclude unless recruitment-channel analyses are planned.,true,S,,,,no_direct_match,utm_content,
BeschaeftProz,BeschaeftProz,,quasi_identifier,drop,Demographic/context/routine/location-like variable; privacy-risky and requires manual review before inclusion.,true,N,,,,no_direct_match,Wie hoch ist dein aktueller Beschäftigungsgrad bzw. dein Ausbildungs-/Studienpensum in Prozent?,
UrlaubWochen,UrlaubWochen,,quasi_identifier,drop,Demographic/context/routine/location-like variable; privacy-risky and requires manual review before inclusion.,true,N,,,,no_direct_match,Wie viele Wochen Urlaub/Ferien hast du ungefähr pro Jahr?,
StressWochen,StressWochen,,quasi_identifier,drop,Demographic/context/routine/location-like variable; privacy-risky and requires manual review before inclusion.,true,N,,,,no_direct_match,"Wenn du an ein typisches Jahr denkst: In wie vielen Wochen pro Jahr erlebst du deinen Alltag insgesamt als deutlich stressiger oder belastender als gewöhnlich? Gemeint sind Wochen, in denen du dich durch Arbeit, Studium, Ausbildung, Familie oder andere Verpflichtungen deutlich stärker belastet fühls",
